{
  "tri - Nifty India Corporate Group Index - Tata Group": 0.002201724137931035,
  "tri - Nifty50 Shariah": 0.003449655172413793,
  "tri - Nifty Chemicals": 0.003467931034482759,
  "tri - Nifty IT": 0.01696724137931034,
  "tri - Nifty Top 10 EW": 0.03931,
  "tri - NIFTY CONSR DURBL": 0.1054041379310345,
  "tri - NIFTY500 FLEXICAP": 0.1170986206896552,
  "tri - Nifty50 Value 20": 0.13196,
  "tri - Nifty FMCG": 0.1748037931034483,
  "tri - Nifty Corp MAATR": 0.1922906896551724,
  "tri - Nifty500 Shariah": 0.2424375862068965,
  "tri - Nifty Energy": 0.2535093103448276,
  "tri - NIFTY 50 FUTURES TR INDEX": 0.2536706896551724,
  "tri - NIFTY MIDSML HLTH": 0.2622858620689655,
  "tri - NIFTY M150 QLTY50": 0.267566551724138,
  "tri - Nifty Shariah 25": 0.279111724137931,
  "tri - NIFTY200 QUALITY 30": 0.2886072413793103,
  "tri - NIFTY ALPHA 50": 0.3004534482758621,
  "tri - Nifty100ESGSecLdr": 0.3069437931034483,
  "tri - Nifty Serv Sector": 0.3081627586206896,
  "tri - Nifty100 Alpha 30": 0.3089472413793103,
  "tri - NIFTY100 ESG": 0.3113937931034483,
  "tri - Nifty MS IT Telcm": 0.3194041379310345,
  "tri - Nifty100 Enh ESG": 0.3226551724137931,
  "tri - Nifty CoreHousing": 0.3409165517241379,
  "tri - NIFTY TMMQ 50": 0.3490224137931034,
  "tri - Nifty200Momentm30": 0.3508082758620689,
  "tri - Nifty NonCyc Cons": 0.3524420689655172,
  "tri - Nifty Conglomerate 50": 0.3573637931034483,
  "tri - NIFTY TATA 25 CAP": 0.3734051724137931,
  "tri - Nifty Multi MQ 50": 0.3867831034482759,
  "tri - Nifty Qlty LV 30": 0.43744,
  "tri - Nifty 50": 0.4550213793103448,
  "tri - NIFTY ALPHALOWVOL": 0.4607179310344828,
  "tri - NiftySml250MQ 100": 0.4646286206896552,
  "tri - Nifty 100": 0.4858762068965518,
  "tri - Nifty AQL 30": 0.4939165517241379,
  "tri - Nifty Housing": 0.4969489655172414,
  "tri - NIFTY IND DIGITAL": 0.5181765517241379,
  "tri - Nifty200 Alpha 30": 0.5203972413793103,
  "tri - Nifty Top 20 EW": 0.5212086206896551,
  "tri - NIFTY OIL AND GAS": 0.5215210344827587,
  "tri - Nifty Low Vol 50": 0.5229003448275862,
  "tri - NiftyMS400 MQ 100": 0.5240710344827586,
  "tri - NIFTY100 LOWVOL30": 0.5266510344827586,
  "tri - NIFTY100 QUALTY30": 0.5281337931034483,
  "tri - Nifty500Momentm50": 0.5302689655172415,
  "tri - Nifty Fin Service": 0.5517617241379311,
  "tri - Nifty MS Ind Cons": 0.5545106896551724,
  "tri - Nifty 200": 0.5732641379310345,
  "tri - Nifty 500": 0.5791120689655173,
  "tri - NIFTY500 HEALTH": 0.5822196551724138,
  "tri - Nifty Media": 0.5842144827586206,
  "tri - Nifty Realty": 0.586046551724138,
  "tri - NIFTY TOTAL MKT": 0.5919696551724138,
  "tri - Nifty500 Qlty50": 0.5931410344827587,
  "tri - Nifty Sml250 Q50": 0.5965699999999999,
  "tri - NIFTY HEALTHCARE": 0.5977137931034483,
  "tri - Nifty Pharma": 0.6003489655172414,
  "tri - NIFTYM150MOMNTM50": 0.6054124137931034,
  "tri - Nifty Waves": 0.6143606896551724,
  "tri - Nifty AQLV 30": 0.6160137931034483,
  "tri - Nifty500 MQVLv50": 0.6188486206896552,
  "tri - NIFTY500 MULTICAP": 0.63282,
  "tri - Nifty500 LowVol50": 0.6340948275862068,
  "tri - NIFTY LARGEMID250": 0.6349465517241379,
  "tri - Nifty MNC": 0.6359186206896552,
  "tri - Nifty Pvt Bank": 0.6365231034482759,
  "tri - NIFTY SMLCAP 250": 0.636523448275862,
  "tri - Nifty500 EW": 0.6386675862068966,
  "tri - Nifty500 LMS Eql": 0.638923103448276,
  "tri - NIFTY MIDSML 400": 0.6411996551724137,
  "tri - Nifty Ind Tourism": 0.6424944827586206,
  "tri - NIFTY INFRALOG": 0.6467172413793103,
  "tri - Nifty Next 50": 0.6483127586206896,
  "tri - NIFTY MIDCAP 150": 0.648341724137931,
  "tri - NIFTY100 EQL WGT": 0.64957,
  "tri - NIFTY FINSRV25 50": 0.6546627586206896,
  "tri - NIFTY MULTI MFG": 0.658044827586207,
  "tri - NIFTY SMLCAP 100": 0.6591303448275861,
  "tri - Nifty Div Opps 50": 0.6604158620689655,
  "tri - NIFTY MULTI INFRA": 0.6614458620689656,
  "tri - NIFTY SMLCAP 50": 0.6682858620689655,
  "tri - Nifty Consumption": 0.6691548275862069,
  "tri - NIFTY MICROCAP250": 0.6707137931034484,
  "tri - NIFTY50 EQL WGT": 0.674916896551724,
  "tri - NIFTY INDIA MFG": 0.6754841379310345,
  "tri - Nifty Infra": 0.6826813793103448,
  "tri - Nifty Midcap 50": 0.6844589655172414,
  "tri - NIFTY MIDCAP 100": 0.6895703448275863,
  "tri - Nifty Commodities": 0.693131724137931,
  "tri - NIFTY MID SELECT": 0.7137179310344828,
  "tri - Nifty New Consump": 0.7211424137931034,
  "tri - Nifty GrowSect 15": 0.7235613793103448,
  "tri - Nifty Metal": 0.7257068965517242,
  "tri - Nifty Top 15 EW": 0.7260841379310344,
  "tri - Nifty Trans Logis": 0.7296558620689655,
  "tri - Nifty Mobility": 0.7332641379310345,
  "tri - Nifty Bank": 0.7342179310344827,
  "tri - Nifty HighBeta 50": 0.7379493103448276,
  "tri - Nifty Mid Liq 15": 0.7401513793103449,
  "tri - Nifty India Corporate Group Index - Aditya Birla Group": 0.7423613793103447,
  "tri - Nifty India Corporate Group Index - Mahindra Group": 0.7447520689655172,
  "tri - Nifty Rural": 0.7500896551724139,
  "tri - Nifty Auto": 0.7702317241379311,
  "tri - Nifty500 Value 50": 0.7715824137931034,
  "tri - Nifty FinSerExBnk": 0.7919986206896552,
  "tri - Nifty200 Value 30": 0.804534827586207,
  "tri - Nifty PSE": 0.8120927586206896,
  "tri - Nifty GS 10Yr Cln": 0.812338275862069,
  "tri - Nifty CPSE": 0.8301089655172414,
  "tri - Nifty100 Liq 15": 0.8505620689655172,
  "tri - Nifty MS Fin Serv": 0.85488,
  "tri - Nifty PSU Bank": 0.8848658620689656
}